               epoch,      train/box_loss,      train/obj_loss,      train/cls_loss,   metrics/precision,      metrics/recall,     metrics/mAP_0.5,metrics/mAP_0.5:0.95,        val/box_loss,        val/obj_loss,        val/cls_loss,               x/lr0,               x/lr1,               x/lr2
                   0,            0.021967,            0.047177,           0.0070697,             0.96476,             0.97017,              0.9821,             0.81974,            0.026907,             0.10106,           0.0017838,            0.070175,           0.0033138,           0.0033138
                   1,            0.029494,            0.053469,           0.0094425,             0.97027,             0.93648,             0.97163,             0.72054,            0.032705,             0.11075,           0.0031777,            0.040154,           0.0066252,           0.0066252
                   2,            0.032615,            0.057819,            0.010813,             0.96545,             0.94185,             0.96559,             0.66141,            0.035691,             0.11942,           0.0028855,             0.01011,           0.0099146,           0.0099146
                   3,            0.033466,            0.059685,              0.0121,             0.84472,              0.9112,              0.9361,             0.70331,            0.032737,             0.11448,           0.0071521,            0.009901,            0.009901,            0.009901
                   4,            0.033714,            0.063328,            0.014197,             0.93667,             0.94073,              0.9757,             0.72926,            0.030444,             0.10914,            0.004649,            0.009901,            0.009901,            0.009901
                   5,            0.033239,              0.0606,             0.01336,             0.96046,              0.9428,             0.97502,             0.72743,            0.030426,             0.11459,           0.0031945,            0.009868,            0.009868,            0.009868
                   6,            0.033481,            0.062927,            0.012681,             0.94443,              0.9501,             0.97957,             0.73962,            0.030044,             0.11461,           0.0032348,            0.009835,            0.009835,            0.009835
                   7,            0.034143,            0.064832,            0.012757,             0.90708,              0.9394,             0.97274,             0.74072,            0.028638,              0.1105,           0.0039574,            0.009802,            0.009802,            0.009802
                   8,            0.032562,            0.062005,            0.013136,             0.92334,             0.94926,             0.95667,             0.72503,            0.030963,             0.11462,           0.0043593,            0.009769,            0.009769,            0.009769
                   9,            0.032714,            0.059339,            0.012913,             0.94931,             0.94707,             0.97205,             0.74587,            0.028672,             0.10719,           0.0036462,            0.009736,            0.009736,            0.009736
                  10,            0.033529,            0.059253,            0.013201,              0.9557,             0.94753,             0.96516,             0.72791,             0.02991,             0.11289,            0.003537,            0.009703,            0.009703,            0.009703
                  11,            0.032204,            0.058222,            0.012499,             0.95604,             0.93241,             0.97615,             0.73593,            0.029956,             0.10937,           0.0032621,             0.00967,             0.00967,             0.00967
                  12,            0.032363,            0.058218,            0.012733,             0.91847,             0.94414,             0.97911,             0.71375,            0.031751,              0.1165,            0.003804,            0.009637,            0.009637,            0.009637
                  13,            0.031813,            0.059916,            0.012632,             0.94054,             0.95704,             0.98056,              0.7494,            0.027692,             0.10879,           0.0036819,            0.009604,            0.009604,            0.009604
                  14,            0.032641,             0.06134,            0.012964,             0.95456,             0.94474,             0.96854,             0.73989,            0.028655,             0.10944,           0.0032379,            0.009571,            0.009571,            0.009571
                  15,            0.031857,            0.059971,            0.012031,             0.95248,             0.96111,             0.98044,             0.76628,            0.031628,             0.11398,           0.0033517,            0.009538,            0.009538,            0.009538
                  16,            0.032096,            0.059628,            0.012852,             0.97311,              0.9494,              0.9749,             0.77104,            0.025815,             0.10424,           0.0029677,            0.009505,            0.009505,            0.009505
                  17,            0.031434,            0.061541,            0.013659,              0.9671,             0.93299,             0.97702,             0.78555,            0.027802,             0.10537,           0.0039658,            0.009472,            0.009472,            0.009472
                  18,            0.031762,            0.062849,            0.012868,             0.96103,             0.93156,             0.97703,             0.74451,            0.029953,             0.11048,           0.0042494,            0.009439,            0.009439,            0.009439
                  19,            0.031585,            0.060825,             0.01265,              0.9689,             0.94032,             0.97202,             0.76674,            0.027393,             0.10773,           0.0032517,            0.009406,            0.009406,            0.009406
                  20,            0.030792,            0.059377,            0.012793,             0.93487,             0.96605,             0.97894,             0.72387,            0.028645,             0.10735,           0.0029039,            0.009373,            0.009373,            0.009373
                  21,            0.031739,            0.058805,            0.012987,             0.95526,             0.94789,             0.97698,             0.72329,            0.030603,              0.1145,           0.0030265,             0.00934,             0.00934,             0.00934
                  22,            0.031534,            0.059041,            0.012808,             0.95823,             0.96171,             0.96952,             0.75434,            0.027879,             0.10894,           0.0028511,            0.009307,            0.009307,            0.009307
                  23,            0.031451,            0.062656,            0.012237,             0.94286,             0.97242,             0.98628,             0.77081,            0.028032,             0.10833,           0.0029917,            0.009274,            0.009274,            0.009274
                  24,            0.030866,            0.058075,            0.012861,             0.96182,              0.9435,             0.97725,             0.74389,            0.028769,             0.11248,           0.0033254,            0.009241,            0.009241,            0.009241
                  25,            0.030807,            0.058039,            0.012621,             0.96867,              0.9375,             0.97625,             0.78255,            0.026344,              0.1056,            0.002982,            0.009208,            0.009208,            0.009208
                  26,            0.029977,            0.057595,             0.01225,             0.98132,             0.93827,             0.96673,             0.79121,            0.025332,             0.10374,           0.0028866,            0.009175,            0.009175,            0.009175
                  27,            0.030651,            0.059694,            0.011976,             0.96317,             0.96057,             0.97466,              0.7774,            0.027154,             0.10836,           0.0033288,            0.009142,            0.009142,            0.009142
                  28,            0.030494,            0.057439,            0.012182,             0.96429,             0.94989,              0.9728,             0.76911,            0.026964,             0.10472,           0.0035906,            0.009109,            0.009109,            0.009109
                  29,            0.030235,            0.056655,            0.012492,             0.97439,             0.94462,             0.98076,             0.77713,            0.026479,             0.10483,           0.0034207,            0.009076,            0.009076,            0.009076
                  30,            0.030978,             0.06038,             0.01206,             0.97915,             0.94449,             0.96949,             0.79146,             0.02517,             0.10347,           0.0031346,            0.009043,            0.009043,            0.009043
                  31,            0.030065,            0.057169,            0.012784,             0.97525,             0.94943,             0.97929,             0.80272,             0.02533,             0.10179,           0.0038329,             0.00901,             0.00901,             0.00901
                  32,             0.03007,             0.06017,            0.011924,             0.97686,             0.93986,             0.96373,             0.76501,            0.026152,             0.10397,           0.0031538,            0.008977,            0.008977,            0.008977
                  33,            0.030498,             0.05934,            0.012748,             0.95863,             0.93983,             0.96854,             0.76353,            0.027375,             0.10929,           0.0031814,            0.008944,            0.008944,            0.008944
                  34,            0.030011,            0.060252,            0.012575,             0.96922,               0.939,              0.9576,             0.79289,            0.025598,             0.10268,           0.0029534,            0.008911,            0.008911,            0.008911
                  35,            0.029823,            0.057435,            0.012948,               0.977,             0.94232,              0.9696,              0.7738,            0.026231,             0.10446,           0.0029793,            0.008878,            0.008878,            0.008878
                  36,            0.029705,              0.0581,            0.012863,              0.9397,             0.96079,             0.98089,             0.80356,            0.025004,             0.10152,           0.0037637,            0.008845,            0.008845,            0.008845
                  37,            0.029933,            0.058913,            0.011774,             0.96346,             0.94581,             0.97449,              0.7966,            0.025315,            0.099326,           0.0029156,            0.008812,            0.008812,            0.008812
                  38,            0.029938,            0.057414,            0.011908,             0.96936,             0.94031,             0.97973,             0.78876,            0.026198,             0.10246,           0.0033687,            0.008779,            0.008779,            0.008779
                  39,            0.029348,            0.059592,            0.012003,              0.9708,             0.94209,             0.97922,              0.7965,            0.025211,             0.10269,           0.0031545,            0.008746,            0.008746,            0.008746
                  40,            0.029923,            0.057996,            0.012181,             0.94825,             0.96559,             0.97491,             0.78232,             0.02646,             0.10466,           0.0028255,            0.008713,            0.008713,            0.008713
                  41,            0.029481,            0.058689,            0.012397,             0.97005,             0.96298,             0.98137,             0.80493,            0.024205,             0.09965,           0.0028418,             0.00868,             0.00868,             0.00868
                  42,            0.029803,            0.059242,            0.011811,             0.95814,             0.96759,             0.98091,             0.77318,            0.026259,             0.10378,           0.0028088,            0.008647,            0.008647,            0.008647
                  43,            0.029662,            0.057783,            0.011887,             0.97532,             0.96839,             0.98118,              0.8099,            0.023911,            0.097093,           0.0030913,            0.008614,            0.008614,            0.008614
                  44,             0.02947,            0.059188,            0.011409,             0.97133,             0.96441,             0.97798,             0.81119,             0.02417,             0.10095,            0.002719,            0.008581,            0.008581,            0.008581
                  45,            0.029419,            0.058733,            0.011923,             0.97146,             0.95477,             0.97743,             0.81765,            0.023717,            0.099689,           0.0032294,            0.008548,            0.008548,            0.008548
                  46,            0.029466,            0.056987,            0.011974,             0.97953,             0.96213,             0.98086,             0.78971,              0.0249,            0.099968,           0.0026459,            0.008515,            0.008515,            0.008515
                  47,            0.029139,             0.05678,             0.01139,             0.97075,             0.96381,             0.98074,             0.80512,            0.024271,            0.097611,           0.0027379,            0.008482,            0.008482,            0.008482
                  48,             0.02931,            0.057277,            0.011626,             0.93293,             0.95964,             0.97533,             0.81994,            0.023489,            0.097695,           0.0037839,            0.008449,            0.008449,            0.008449
                  49,            0.029772,            0.057107,            0.011364,             0.96814,             0.96665,             0.97844,             0.80283,            0.024244,            0.099673,           0.0026851,            0.008416,            0.008416,            0.008416
                  50,            0.029199,            0.054747,            0.012015,             0.98208,             0.95166,             0.98543,             0.81265,            0.023078,            0.095524,            0.002638,            0.008383,            0.008383,            0.008383
                  51,             0.02881,            0.057352,            0.011483,             0.97978,             0.94383,             0.97552,             0.79642,            0.024666,             0.10248,           0.0027777,             0.00835,             0.00835,             0.00835
                  52,            0.028232,            0.056026,            0.011343,             0.93885,             0.96885,             0.98115,             0.78844,            0.025085,            0.097679,           0.0026609,            0.008317,            0.008317,            0.008317
                  53,            0.028681,            0.056434,            0.011495,             0.97812,             0.91516,             0.97753,             0.81768,            0.023427,            0.095624,           0.0028207,            0.008284,            0.008284,            0.008284
                  54,            0.028978,            0.057345,            0.011798,             0.97313,             0.94092,             0.96989,             0.80145,            0.023822,            0.098557,           0.0028272,            0.008251,            0.008251,            0.008251
                  55,            0.028408,            0.056306,            0.011495,             0.96255,             0.96413,             0.97101,             0.79687,            0.023351,            0.096283,           0.0027619,            0.008218,            0.008218,            0.008218
                  56,            0.027821,            0.054667,            0.011297,             0.97751,             0.94617,             0.96845,             0.80183,            0.022926,             0.09425,            0.002651,            0.008185,            0.008185,            0.008185
                  57,            0.028778,            0.055509,            0.011337,             0.95597,             0.96321,             0.97317,             0.80231,            0.024572,            0.098874,           0.0027467,            0.008152,            0.008152,            0.008152
                  58,            0.028485,             0.05498,            0.011037,             0.97234,             0.94709,             0.97821,             0.80459,            0.025492,             0.10041,           0.0026618,            0.008119,            0.008119,            0.008119
                  59,            0.027935,            0.056816,            0.010842,             0.98188,             0.93583,             0.97738,             0.79405,            0.024501,            0.098277,           0.0024486,            0.008086,            0.008086,            0.008086
                  60,            0.028183,            0.055369,            0.011696,             0.98419,             0.94974,             0.96865,             0.81133,            0.022841,            0.093966,           0.0025962,            0.008053,            0.008053,            0.008053
                  61,             0.02832,            0.054778,            0.011082,             0.97762,             0.95107,              0.9772,             0.81996,            0.023047,            0.094981,           0.0026261,             0.00802,             0.00802,             0.00802
                  62,             0.02859,            0.057137,            0.011063,             0.98759,             0.94412,             0.98253,             0.81136,            0.023589,            0.097072,           0.0026896,            0.007987,            0.007987,            0.007987
                  63,            0.027827,            0.055537,             0.01113,             0.97389,             0.93551,             0.97906,             0.83333,            0.022722,            0.095673,           0.0026864,            0.007954,            0.007954,            0.007954
                  64,            0.028335,            0.057271,            0.011062,              0.9794,             0.94157,             0.96511,             0.82401,            0.022628,            0.094797,           0.0023685,            0.007921,            0.007921,            0.007921
                  65,            0.028099,            0.056354,            0.010784,             0.97913,             0.94038,             0.97584,             0.81561,            0.022452,            0.093986,           0.0026162,            0.007888,            0.007888,            0.007888
                  66,             0.02801,            0.054781,            0.010783,             0.98129,             0.94196,             0.97719,             0.82106,            0.022227,            0.094945,           0.0025559,            0.007855,            0.007855,            0.007855
                  67,            0.027894,            0.055972,             0.01132,              0.9652,             0.97067,             0.98787,              0.8231,            0.022418,             0.09375,           0.0024207,            0.007822,            0.007822,            0.007822
                  68,            0.027743,            0.056984,            0.010716,             0.96441,             0.97125,             0.98435,              0.8299,            0.022352,            0.093397,           0.0023481,            0.007789,            0.007789,            0.007789
                  69,             0.02746,            0.054137,            0.010762,             0.98585,             0.95108,             0.96893,             0.80002,            0.023176,            0.095296,           0.0024449,            0.007756,            0.007756,            0.007756
                  70,              0.0274,            0.053845,            0.011474,              0.9826,             0.94441,             0.96039,             0.79835,            0.023288,            0.094305,            0.002562,            0.007723,            0.007723,            0.007723
                  71,            0.027771,            0.054283,            0.011486,             0.95656,             0.96903,             0.98244,             0.82935,            0.022234,            0.092859,           0.0025118,             0.00769,             0.00769,             0.00769
                  72,            0.027438,            0.054902,             0.01048,             0.97537,             0.97254,             0.98372,             0.83754,             0.02206,            0.091628,           0.0023801,            0.007657,            0.007657,            0.007657
                  73,            0.027375,            0.052768,             0.01068,             0.96275,             0.96987,             0.97941,             0.81557,            0.022587,            0.093971,           0.0023996,            0.007624,            0.007624,            0.007624
                  74,            0.027883,            0.056602,             0.01104,             0.97942,             0.96491,             0.97685,             0.83943,            0.022004,            0.093527,            0.002499,            0.007591,            0.007591,            0.007591
                  75,            0.027036,            0.055138,            0.010467,             0.96604,             0.97008,             0.98521,             0.84871,            0.021722,            0.089677,            0.002326,            0.007558,            0.007558,            0.007558
                  76,            0.027626,            0.054035,            0.010611,              0.9804,             0.94373,             0.97679,              0.8056,            0.023325,            0.098667,           0.0022979,            0.007525,            0.007525,            0.007525
                  77,            0.027279,            0.053104,            0.010776,              0.9834,             0.94891,             0.98227,             0.83971,            0.022055,            0.092458,           0.0022765,            0.007492,            0.007492,            0.007492
                  78,             0.02676,             0.05334,            0.010747,             0.98222,             0.94834,             0.96959,             0.83427,            0.021941,            0.090788,           0.0022036,            0.007459,            0.007459,            0.007459
                  79,             0.02735,            0.055527,            0.010463,             0.96375,             0.97011,             0.98031,             0.84968,            0.021181,            0.088717,           0.0022107,            0.007426,            0.007426,            0.007426
                  80,            0.027292,            0.055111,            0.010344,             0.98323,             0.94565,             0.98465,             0.82614,            0.021832,            0.093482,           0.0021871,            0.007393,            0.007393,            0.007393
                  81,            0.027284,            0.052808,            0.010196,             0.97034,             0.96743,             0.98599,             0.84014,            0.022056,            0.092463,           0.0022124,             0.00736,             0.00736,             0.00736
                  82,            0.027333,            0.054242,            0.010387,             0.98581,             0.94953,             0.98339,             0.83627,            0.021504,            0.089356,           0.0024138,            0.007327,            0.007327,            0.007327
                  83,            0.026975,            0.056539,            0.010244,               0.985,             0.94868,              0.9875,             0.84392,            0.021317,            0.088858,           0.0022669,            0.007294,            0.007294,            0.007294
                  84,            0.027517,             0.05339,             0.01061,             0.98853,             0.95721,               0.988,             0.85216,             0.02078,            0.090715,           0.0021306,            0.007261,            0.007261,            0.007261
                  85,            0.027224,            0.055188,           0.0099647,             0.95433,             0.96928,             0.98099,             0.84823,            0.021166,            0.089908,           0.0020583,            0.007228,            0.007228,            0.007228
                  86,            0.027078,            0.054301,             0.01005,             0.97323,             0.96787,             0.98413,             0.84905,            0.022032,            0.091306,           0.0021908,            0.007195,            0.007195,            0.007195
                  87,            0.026924,            0.055272,            0.010187,             0.95945,             0.96997,              0.9811,             0.85342,            0.020537,            0.087514,           0.0023064,            0.007162,            0.007162,            0.007162
                  88,            0.026721,            0.051642,            0.010524,             0.97925,             0.94606,              0.9714,             0.83296,            0.021308,            0.089756,           0.0021982,            0.007129,            0.007129,            0.007129
                  89,            0.026401,            0.052025,            0.010069,             0.97388,             0.94569,             0.96661,             0.83593,            0.021144,            0.088964,           0.0021157,            0.007096,            0.007096,            0.007096
                  90,            0.026681,            0.053376,            0.010434,             0.98486,             0.94341,             0.97385,             0.83712,             0.02152,            0.093408,           0.0021703,            0.007063,            0.007063,            0.007063
                  91,            0.027118,            0.052671,            0.010225,             0.98439,             0.94524,             0.97216,             0.83628,            0.021793,            0.090402,           0.0021913,             0.00703,             0.00703,             0.00703
                  92,            0.026625,            0.052105,            0.010019,             0.98528,             0.95136,             0.98153,             0.85086,            0.020872,            0.088537,           0.0021827,            0.006997,            0.006997,            0.006997
                  93,            0.026677,            0.052824,            0.010413,             0.96933,             0.96788,             0.98713,             0.86041,            0.021151,            0.089729,           0.0019896,            0.006964,            0.006964,            0.006964
                  94,            0.026427,            0.054015,            0.010021,             0.98004,             0.96462,             0.98226,              0.8526,            0.021511,            0.089378,           0.0021251,            0.006931,            0.006931,            0.006931
                  95,            0.026323,            0.050584,            0.010482,             0.96501,             0.97065,             0.98057,              0.8506,            0.020611,            0.087948,            0.002109,            0.006898,            0.006898,            0.006898
                  96,             0.02609,            0.051204,            0.010066,             0.95291,             0.97635,             0.99036,             0.86139,            0.020663,            0.086322,           0.0019184,            0.006865,            0.006865,            0.006865
                  97,            0.026635,            0.052519,            0.009703,             0.98815,             0.95247,             0.99027,             0.85451,            0.021137,            0.089851,           0.0020485,            0.006832,            0.006832,            0.006832
                  98,             0.02649,            0.051377,            0.010252,             0.97457,             0.97277,             0.98433,             0.86115,            0.020519,            0.087316,           0.0021019,            0.006799,            0.006799,            0.006799
                  99,            0.026087,            0.051085,           0.0099462,             0.98848,             0.96845,             0.98623,             0.84126,            0.021299,            0.089154,           0.0020918,            0.006766,            0.006766,            0.006766
                 100,            0.026417,            0.053603,           0.0097348,             0.96409,             0.96893,             0.98336,             0.85775,            0.020391,            0.088073,           0.0020585,            0.006733,            0.006733,            0.006733
                 101,            0.026248,            0.054067,            0.010004,             0.98375,             0.94667,             0.97584,             0.84992,            0.020572,            0.087203,            0.002019,              0.0067,              0.0067,              0.0067
                 102,            0.026484,            0.051521,            0.010123,             0.98386,             0.94587,             0.96941,             0.85066,            0.020541,             0.08726,           0.0020267,            0.006667,            0.006667,            0.006667
                 103,            0.026329,            0.054163,           0.0098294,             0.97847,             0.96287,             0.98284,             0.85544,            0.020484,            0.086931,           0.0020798,            0.006634,            0.006634,            0.006634
                 104,            0.025461,            0.050716,           0.0095941,             0.95741,              0.9691,             0.98564,             0.85955,            0.020201,            0.086869,           0.0019285,            0.006601,            0.006601,            0.006601
                 105,              0.0261,            0.052612,           0.0097505,             0.98264,             0.94668,             0.97148,             0.83068,            0.021581,            0.091356,           0.0019231,            0.006568,            0.006568,            0.006568
                 106,            0.025913,            0.049083,            0.010579,             0.95968,             0.96699,             0.98131,             0.85219,            0.020347,            0.087482,           0.0020227,            0.006535,            0.006535,            0.006535
                 107,            0.026188,            0.054231,           0.0095062,             0.98676,              0.9357,             0.98831,              0.8605,            0.020087,            0.085048,            0.001954,            0.006502,            0.006502,            0.006502
                 108,            0.026536,            0.052713,           0.0092591,             0.96498,             0.97363,             0.98983,             0.85901,            0.020367,            0.085037,           0.0019794,            0.006469,            0.006469,            0.006469
                 109,            0.025964,            0.052611,           0.0094538,             0.97251,             0.97327,             0.98766,             0.86393,            0.020132,            0.085181,           0.0020304,            0.006436,            0.006436,            0.006436
                 110,            0.025844,            0.053654,           0.0094083,             0.97178,             0.96902,             0.98397,             0.86981,            0.019526,            0.082324,           0.0020355,            0.006403,            0.006403,            0.006403
                 111,            0.025676,            0.052694,           0.0093628,             0.97486,             0.96967,              0.9853,             0.85802,             0.02006,            0.086888,           0.0020764,             0.00637,             0.00637,             0.00637
                 112,            0.025368,            0.051091,           0.0097248,             0.97107,             0.97295,             0.98877,             0.86381,            0.019694,            0.084621,           0.0019815,            0.006337,            0.006337,            0.006337
                 113,            0.025561,              0.0513,           0.0090608,             0.96555,             0.96966,             0.98663,             0.86557,            0.020078,            0.084068,            0.001908,            0.006304,            0.006304,            0.006304
                 114,            0.025809,            0.050922,           0.0099856,              0.9641,             0.97085,             0.98748,             0.85863,            0.020305,             0.08545,           0.0019148,            0.006271,            0.006271,            0.006271
                 115,            0.025278,            0.050331,           0.0096142,             0.98303,             0.95089,             0.98668,             0.86444,            0.019919,            0.084636,           0.0019089,            0.006238,            0.006238,            0.006238
                 116,            0.025617,            0.051798,           0.0096534,             0.96752,             0.96835,             0.98635,             0.86421,            0.019852,            0.084054,           0.0019942,            0.006205,            0.006205,            0.006205
                 117,            0.026335,            0.052341,            0.009486,             0.96953,              0.9692,             0.98614,             0.86306,            0.020332,             0.08497,           0.0019562,            0.006172,            0.006172,            0.006172
                 118,            0.025519,            0.051585,           0.0094686,             0.96643,             0.96975,             0.98914,             0.87001,            0.020038,            0.084935,           0.0019783,            0.006139,            0.006139,            0.006139
                 119,            0.025264,            0.049937,           0.0096961,             0.94908,             0.97013,             0.98919,             0.87002,            0.019807,            0.084803,           0.0019751,            0.006106,            0.006106,            0.006106
                 120,            0.025273,            0.050987,           0.0096011,             0.98421,              0.9381,             0.98501,             0.86516,            0.019994,            0.085304,           0.0023948,            0.006073,            0.006073,            0.006073
                 121,            0.024942,            0.049702,           0.0093691,             0.97639,             0.96721,             0.98783,             0.87008,            0.019568,            0.084107,           0.0020173,             0.00604,             0.00604,             0.00604
                 122,            0.025713,            0.052732,           0.0092772,             0.97591,             0.96925,             0.98564,             0.87042,            0.019363,            0.082726,           0.0019357,            0.006007,            0.006007,            0.006007
                 123,            0.025099,            0.050429,           0.0093493,             0.97845,             0.96952,             0.98315,             0.85989,            0.019583,             0.08381,           0.0019445,            0.005974,            0.005974,            0.005974
                 124,            0.025272,            0.050487,           0.0092343,             0.97569,             0.96479,             0.98278,             0.86513,            0.019584,            0.083004,           0.0019936,            0.005941,            0.005941,            0.005941
                 125,            0.025406,            0.052833,           0.0089736,             0.98375,             0.97051,             0.98133,             0.86251,            0.019795,            0.084965,           0.0018868,            0.005908,            0.005908,            0.005908
                 126,            0.025305,             0.04906,           0.0090152,             0.97336,             0.96888,             0.98552,             0.86281,            0.019478,            0.083752,           0.0018438,            0.005875,            0.005875,            0.005875
                 127,            0.025151,            0.051551,           0.0088307,             0.97317,             0.97051,             0.98847,              0.8577,            0.019837,            0.083879,           0.0018917,            0.005842,            0.005842,            0.005842
                 128,            0.024878,            0.050507,           0.0088505,              0.9712,             0.97177,             0.98837,             0.86879,            0.019281,            0.082522,           0.0018917,            0.005809,            0.005809,            0.005809
                 129,            0.024905,            0.049603,           0.0092293,             0.98301,             0.96937,             0.98919,             0.87518,            0.019157,            0.081072,           0.0019318,            0.005776,            0.005776,            0.005776
                 130,            0.024989,             0.05106,           0.0089827,             0.98241,             0.97025,             0.98802,             0.87125,            0.019349,            0.082607,           0.0018749,            0.005743,            0.005743,            0.005743
                 131,            0.024705,            0.051141,           0.0090123,             0.97486,             0.96363,             0.98765,             0.87914,            0.018928,            0.081506,           0.0018786,             0.00571,             0.00571,             0.00571
                 132,            0.024665,            0.048904,           0.0087176,             0.98424,             0.97186,             0.99044,             0.87572,            0.019496,            0.084244,           0.0018764,            0.005677,            0.005677,            0.005677
                 133,            0.024491,            0.050187,           0.0090679,             0.97023,             0.97013,             0.98162,             0.86533,            0.019139,             0.08345,           0.0017792,            0.005644,            0.005644,            0.005644
                 134,             0.02468,            0.050761,           0.0091096,             0.97581,             0.96833,             0.97727,             0.86536,            0.019123,            0.083045,           0.0017889,            0.005611,            0.005611,            0.005611
                 135,             0.02442,            0.048563,           0.0092355,             0.97204,             0.97041,             0.97964,             0.86672,            0.019184,            0.082013,           0.0017895,            0.005578,            0.005578,            0.005578
                 136,            0.024365,             0.04728,           0.0091472,             0.96622,             0.96992,             0.98513,             0.85693,            0.019238,            0.081562,           0.0017887,            0.005545,            0.005545,            0.005545
                 137,            0.024669,            0.050032,            0.008826,             0.98808,             0.95169,             0.98751,              0.8669,            0.018848,            0.080369,           0.0018636,            0.005512,            0.005512,            0.005512
                 138,            0.024234,            0.048315,           0.0087201,             0.98637,             0.95275,             0.98406,             0.86501,            0.019204,            0.081892,           0.0018178,            0.005479,            0.005479,            0.005479
                 139,            0.024291,            0.047547,           0.0088495,             0.98517,             0.94803,             0.98273,             0.86808,            0.018639,            0.079121,           0.0018409,            0.005446,            0.005446,            0.005446
                 140,              0.0247,            0.050034,           0.0091348,             0.98892,             0.95251,              0.9882,              0.8814,            0.018697,            0.079912,           0.0017539,            0.005413,            0.005413,            0.005413
                 141,            0.024775,            0.049407,            0.008672,             0.96852,             0.97115,             0.98764,             0.87326,            0.019022,            0.080541,           0.0017515,             0.00538,             0.00538,             0.00538
                 142,            0.024274,            0.048819,           0.0087237,             0.95649,             0.97088,              0.9849,             0.87406,            0.018856,            0.081209,           0.0017874,            0.005347,            0.005347,            0.005347
                 143,            0.023811,            0.048307,           0.0091778,             0.96786,             0.97057,             0.97793,             0.87203,            0.018606,            0.079788,           0.0017641,            0.005314,            0.005314,            0.005314
                 144,            0.024282,            0.048979,           0.0087418,             0.98742,             0.95075,             0.98118,             0.87944,            0.018513,            0.078803,           0.0018609,            0.005281,            0.005281,            0.005281
                 145,            0.023926,            0.050034,           0.0085676,             0.98827,             0.95011,             0.98506,             0.87294,            0.018697,            0.079381,           0.0018103,            0.005248,            0.005248,            0.005248
                 146,             0.02392,            0.049236,            0.008811,              0.9898,             0.94518,             0.98937,             0.88322,            0.018555,             0.07925,           0.0018078,            0.005215,            0.005215,            0.005215
                 147,            0.023911,            0.048304,           0.0089166,             0.95545,             0.97327,             0.98956,             0.87437,            0.019067,            0.081463,            0.001769,            0.005182,            0.005182,            0.005182
                 148,            0.024325,            0.049248,           0.0084024,               0.976,             0.97188,             0.98854,             0.88529,            0.018598,            0.080791,           0.0018009,            0.005149,            0.005149,            0.005149
                 149,            0.024141,            0.049484,           0.0084439,             0.95987,             0.97011,             0.98705,             0.88652,            0.018556,             0.08006,           0.0017625,            0.005116,            0.005116,            0.005116
                 150,            0.024033,            0.049846,           0.0086876,             0.95126,              0.9757,             0.98748,             0.88451,            0.018332,            0.079563,           0.0017691,            0.005083,            0.005083,            0.005083
                 151,            0.023758,            0.049531,           0.0082543,             0.99084,             0.95398,             0.98564,             0.88139,             0.01836,            0.079169,           0.0017685,             0.00505,             0.00505,             0.00505
                 152,            0.023716,            0.047526,           0.0085691,             0.98963,             0.94825,             0.98406,             0.88514,            0.018379,             0.07893,           0.0017669,            0.005017,            0.005017,            0.005017
                 153,            0.023733,            0.047629,           0.0082733,             0.97294,             0.96944,             0.98299,             0.88291,             0.01832,            0.078702,           0.0017528,            0.004984,            0.004984,            0.004984
                 154,            0.023757,            0.048305,           0.0085853,             0.97425,              0.9718,             0.98983,             0.88215,            0.018681,            0.079107,           0.0017018,            0.004951,            0.004951,            0.004951
                 155,            0.024294,            0.048309,           0.0085847,             0.97673,             0.97305,             0.99104,             0.89004,            0.018283,            0.078234,            0.001679,            0.004918,            0.004918,            0.004918
                 156,            0.023017,            0.047803,             0.00818,             0.98535,             0.97146,             0.99027,             0.88741,            0.018512,            0.078207,           0.0016361,            0.004885,            0.004885,            0.004885
                 157,            0.023793,            0.048026,            0.008537,              0.9818,             0.97166,             0.98696,              0.8848,            0.018185,            0.078157,           0.0016785,            0.004852,            0.004852,            0.004852
                 158,            0.023205,            0.046719,           0.0086854,             0.97592,             0.96695,             0.98211,             0.87749,            0.018331,            0.078046,           0.0017046,            0.004819,            0.004819,            0.004819
                 159,            0.023528,            0.051488,           0.0080536,             0.98183,              0.9672,             0.98593,             0.87703,            0.018473,             0.07838,           0.0017324,            0.004786,            0.004786,            0.004786
                 160,            0.023347,            0.048202,           0.0083082,             0.96424,             0.97227,             0.98517,             0.87774,            0.018364,            0.078494,           0.0016953,            0.004753,            0.004753,            0.004753
                 161,            0.023367,            0.049605,           0.0081575,             0.96792,             0.96717,             0.98474,             0.88861,            0.018218,            0.077779,            0.001746,             0.00472,             0.00472,             0.00472
                 162,             0.02366,            0.047244,           0.0082431,              0.9755,              0.9672,             0.98463,             0.88417,            0.018251,            0.078032,           0.0017331,            0.004687,            0.004687,            0.004687
                 163,            0.023563,             0.04865,            0.008256,             0.97583,             0.97062,             0.98571,             0.88712,            0.018304,            0.078708,           0.0016783,            0.004654,            0.004654,            0.004654
                 164,             0.02345,            0.048089,           0.0083805,              0.9665,             0.97359,             0.98982,             0.88402,             0.01844,            0.079235,           0.0016467,            0.004621,            0.004621,            0.004621
                 165,            0.023371,            0.048456,           0.0083162,             0.98376,             0.97341,             0.99015,             0.88519,            0.018243,            0.078506,           0.0016035,            0.004588,            0.004588,            0.004588
                 166,            0.023072,            0.048773,           0.0078578,             0.97729,             0.97367,              0.9902,             0.88185,            0.018303,            0.077972,           0.0015724,            0.004555,            0.004555,            0.004555
                 167,            0.022939,            0.047118,           0.0081288,             0.97618,             0.97192,             0.98976,             0.87671,             0.01845,            0.079791,           0.0016057,            0.004522,            0.004522,            0.004522
                 168,            0.022908,            0.047972,           0.0079083,             0.97156,             0.97287,              0.9902,             0.88372,            0.018261,            0.079583,           0.0016072,            0.004489,            0.004489,            0.004489
                 169,            0.023309,            0.046795,           0.0080287,             0.95345,             0.97375,             0.99046,             0.88542,            0.018405,             0.07927,           0.0016195,            0.004456,            0.004456,            0.004456
                 170,            0.022968,             0.04929,           0.0081884,             0.96735,             0.97267,              0.9873,             0.88771,             0.01812,            0.078403,           0.0016602,            0.004423,            0.004423,            0.004423
                 171,             0.02266,            0.046653,           0.0078902,             0.97181,             0.97154,             0.98686,             0.89019,            0.018058,            0.077903,           0.0016574,             0.00439,             0.00439,             0.00439
                 172,            0.022704,            0.045251,           0.0084247,             0.97657,             0.97226,              0.9876,             0.89149,            0.017781,            0.076719,           0.0016994,            0.004357,            0.004357,            0.004357
                 173,             0.02265,            0.045448,           0.0078258,             0.96796,             0.97369,             0.98988,             0.88918,            0.017868,            0.077038,           0.0016417,            0.004324,            0.004324,            0.004324
                 174,            0.022991,            0.047463,           0.0081832,             0.96638,              0.9722,             0.98657,             0.88877,            0.017966,            0.077589,            0.001632,            0.004291,            0.004291,            0.004291
                 175,            0.022859,            0.047645,            0.007922,             0.98675,             0.94806,             0.98527,             0.88492,            0.017975,            0.077303,           0.0016337,            0.004258,            0.004258,            0.004258
                 176,             0.02264,            0.047487,            0.007748,             0.97016,             0.97189,             0.98581,             0.88172,            0.018062,            0.077188,            0.001639,            0.004225,            0.004225,            0.004225
                 177,            0.022579,            0.046459,           0.0077115,             0.95877,             0.97316,             0.98751,             0.88423,            0.018016,            0.077549,           0.0016148,            0.004192,            0.004192,            0.004192
                 178,            0.022924,            0.048657,           0.0078641,             0.99101,             0.94767,             0.98765,             0.88585,            0.017963,            0.077484,           0.0016326,            0.004159,            0.004159,            0.004159
                 179,            0.022524,            0.047297,            0.008117,             0.96246,             0.97027,             0.98694,             0.89473,            0.017884,            0.077435,           0.0016032,            0.004126,            0.004126,            0.004126
                 180,            0.022441,            0.046372,           0.0078684,             0.97461,             0.96734,             0.98535,             0.88876,            0.017931,            0.076961,           0.0015961,            0.004093,            0.004093,            0.004093
                 181,             0.02232,            0.045463,           0.0076482,             0.96974,             0.97368,             0.98983,             0.89105,            0.017747,            0.075838,           0.0015682,             0.00406,             0.00406,             0.00406
                 182,            0.022101,            0.045831,           0.0077333,             0.97612,             0.97195,             0.98813,             0.88848,             0.01779,            0.075607,            0.001561,            0.004027,            0.004027,            0.004027
                 183,            0.022304,            0.046397,           0.0076348,             0.97805,             0.97028,             0.98986,             0.89192,             0.01783,            0.076524,           0.0015587,            0.003994,            0.003994,            0.003994
                 184,            0.022115,             0.04625,           0.0079688,             0.96528,             0.96985,             0.98712,             0.89105,            0.017866,            0.076785,           0.0015632,            0.003961,            0.003961,            0.003961
                 185,            0.022445,             0.04618,           0.0073928,             0.95145,             0.97127,             0.98808,             0.88753,            0.017964,            0.077435,           0.0015587,            0.003928,            0.003928,            0.003928
                 186,            0.022927,            0.048784,           0.0076666,             0.96304,             0.97124,             0.98771,             0.89196,            0.018023,            0.077908,           0.0015672,            0.003895,            0.003895,            0.003895
                 187,            0.022437,            0.048909,           0.0073061,             0.96244,             0.97318,             0.98816,             0.88546,            0.017855,             0.07733,           0.0015519,            0.003862,            0.003862,            0.003862
                 188,            0.022154,             0.04729,            0.007764,             0.96599,             0.97357,             0.98902,             0.88817,            0.017864,            0.076976,           0.0015303,            0.003829,            0.003829,            0.003829
                 189,            0.022197,             0.04595,           0.0075369,             0.97021,             0.97357,             0.98969,             0.89222,            0.017723,            0.076398,           0.0015115,            0.003796,            0.003796,            0.003796
                 190,            0.022508,            0.046637,           0.0075586,             0.98143,             0.97357,             0.98939,             0.89088,             0.01768,            0.076548,           0.0015105,            0.003763,            0.003763,            0.003763
                 191,            0.021665,            0.044963,           0.0073247,             0.98129,             0.96964,             0.98602,             0.88711,            0.017639,            0.075917,           0.0015151,             0.00373,             0.00373,             0.00373
                 192,            0.022161,            0.046141,           0.0073563,             0.98445,             0.96744,             0.98693,             0.88735,            0.017677,            0.075728,           0.0015151,            0.003697,            0.003697,            0.003697
                 193,            0.021589,            0.044978,           0.0073398,             0.98524,             0.96815,             0.99104,             0.89015,            0.017735,            0.076038,           0.0014909,            0.003664,            0.003664,            0.003664
                 194,            0.022019,            0.045475,           0.0076415,              0.9819,             0.96826,             0.98873,             0.88903,            0.017826,            0.076634,           0.0015252,            0.003631,            0.003631,            0.003631
                 195,            0.022027,             0.04673,           0.0074459,             0.97515,             0.97124,             0.98618,             0.88957,            0.017789,             0.07629,           0.0015414,            0.003598,            0.003598,            0.003598
                 196,            0.021383,             0.04395,           0.0073969,              0.9744,             0.97051,             0.98642,             0.88608,            0.017876,            0.076185,           0.0015302,            0.003565,            0.003565,            0.003565
                 197,            0.021435,            0.045292,           0.0073004,             0.97491,             0.97259,             0.98843,             0.88408,            0.017752,            0.075681,           0.0014968,            0.003532,            0.003532,            0.003532
                 198,            0.021483,            0.044073,            0.007209,             0.97274,              0.9727,              0.9896,             0.88544,            0.017875,            0.076218,           0.0014834,            0.003499,            0.003499,            0.003499
                 199,            0.021756,            0.046878,           0.0070066,             0.97568,             0.97275,             0.99107,             0.88585,            0.017762,             0.07655,            0.001474,            0.003466,            0.003466,            0.003466
                 200,            0.021804,            0.046022,           0.0072143,             0.97481,             0.97321,             0.99081,             0.89201,            0.017673,            0.076443,           0.0014666,            0.003433,            0.003433,            0.003433
                 201,            0.021797,            0.044435,           0.0072228,             0.97467,              0.9732,             0.99103,             0.88915,            0.017743,             0.07657,            0.001475,              0.0034,              0.0034,              0.0034
                 202,            0.021598,            0.045167,           0.0071676,             0.98084,             0.97296,             0.99153,             0.89308,            0.017638,            0.076259,           0.0014542,            0.003367,            0.003367,            0.003367
                 203,            0.021775,            0.044917,           0.0071941,             0.98117,             0.97306,             0.99222,             0.89701,            0.017542,            0.075745,           0.0014423,            0.003334,            0.003334,            0.003334
                 204,            0.021671,            0.045589,           0.0073039,             0.98001,             0.97221,             0.99224,             0.89611,            0.017487,            0.075798,           0.0014389,            0.003301,            0.003301,            0.003301
                 205,            0.021149,            0.044529,           0.0071711,             0.98342,              0.9724,             0.99255,             0.89788,            0.017452,            0.075712,           0.0014428,            0.003268,            0.003268,            0.003268
                 206,            0.020683,             0.04408,           0.0071614,             0.98121,             0.96678,             0.99065,             0.89837,            0.017563,            0.075842,           0.0014499,            0.003235,            0.003235,            0.003235
                 207,            0.021498,            0.044766,           0.0072286,             0.98194,             0.96689,             0.99095,             0.89664,            0.017656,            0.075863,           0.0014356,            0.003202,            0.003202,            0.003202
                 208,            0.021448,            0.045071,           0.0069923,             0.98405,             0.96812,             0.99272,             0.89803,            0.017673,            0.076108,           0.0014191,            0.003169,            0.003169,            0.003169
                 209,            0.020684,            0.043931,           0.0067924,             0.98336,             0.96826,             0.99032,             0.89678,            0.017708,            0.076513,           0.0014094,            0.003136,            0.003136,            0.003136
                 210,            0.021013,             0.04308,           0.0071775,              0.9833,             0.97032,             0.99004,              0.8966,            0.017645,            0.076239,           0.0014056,            0.003103,            0.003103,            0.003103
                 211,            0.021594,            0.045008,           0.0068875,             0.98084,              0.9699,              0.9879,             0.90087,            0.017629,            0.076015,           0.0014142,             0.00307,             0.00307,             0.00307
                 212,            0.020816,            0.043466,            0.007003,              0.9798,             0.96893,             0.98805,             0.89728,            0.017621,            0.075858,           0.0014057,            0.003037,            0.003037,            0.003037
                 213,            0.020642,            0.044046,           0.0067056,              0.9821,             0.97005,             0.98827,              0.8983,            0.017646,            0.075704,           0.0013969,            0.003004,            0.003004,            0.003004
                 214,            0.021057,            0.045389,           0.0068376,             0.98432,             0.97156,             0.99006,             0.89594,            0.017619,            0.075606,           0.0013963,            0.002971,            0.002971,            0.002971
                 215,            0.021081,            0.044415,           0.0070186,             0.98355,             0.97143,             0.99015,              0.8978,            0.017564,            0.075092,           0.0013984,            0.002938,            0.002938,            0.002938
                 216,             0.02082,            0.043955,           0.0066435,             0.98219,             0.97157,             0.99016,             0.89738,            0.017622,            0.075259,           0.0013998,            0.002905,            0.002905,            0.002905
                 217,            0.021167,            0.044574,            0.006873,             0.98319,             0.97161,             0.99034,             0.89568,            0.017621,            0.075149,           0.0013973,            0.002872,            0.002872,            0.002872
                 218,            0.020935,            0.043388,           0.0067569,             0.98389,             0.97317,             0.99236,             0.89989,            0.017575,            0.074911,           0.0013763,            0.002839,            0.002839,            0.002839
                 219,            0.020539,            0.041088,           0.0074771,             0.98015,             0.97217,             0.99094,             0.90109,             0.01749,             0.07495,           0.0013651,            0.002806,            0.002806,            0.002806
                 220,            0.020769,            0.044225,            0.006728,             0.97627,             0.97221,             0.99087,              0.8999,            0.017459,            0.074962,           0.0013666,            0.002773,            0.002773,            0.002773
                 221,            0.020886,            0.042346,           0.0065867,             0.97448,             0.97246,             0.99081,             0.90052,            0.017394,            0.074749,             0.00137,             0.00274,             0.00274,             0.00274
                 222,            0.020792,            0.043919,           0.0066415,             0.98016,             0.97168,             0.98988,             0.89919,            0.017346,            0.074616,            0.001379,            0.002707,            0.002707,            0.002707
                 223,            0.020266,            0.042422,            0.006705,              0.9813,             0.97158,             0.99057,             0.89855,            0.017396,            0.074883,           0.0013619,            0.002674,            0.002674,            0.002674
                 224,            0.020566,            0.043183,             0.00673,             0.97983,             0.97185,             0.99075,             0.89834,             0.01738,            0.074989,           0.0013522,            0.002641,            0.002641,            0.002641
                 225,            0.020016,            0.043389,           0.0064278,              0.9792,             0.97181,             0.99051,             0.89841,            0.017305,            0.074828,            0.001352,            0.002608,            0.002608,            0.002608
                 226,            0.020359,            0.041891,           0.0063373,             0.98015,             0.97144,             0.99055,             0.89897,            0.017335,            0.074744,           0.0013551,            0.002575,            0.002575,            0.002575
                 227,            0.020367,            0.043854,           0.0066086,             0.98101,             0.97149,             0.99056,             0.90049,            0.017315,            0.074708,           0.0013576,            0.002542,            0.002542,            0.002542
                 228,            0.020084,             0.04265,           0.0064166,             0.98214,             0.97142,             0.99043,             0.90155,             0.01734,            0.074635,           0.0013542,            0.002509,            0.002509,            0.002509
                 229,            0.020066,            0.040931,           0.0064826,              0.9763,              0.9723,             0.99051,             0.90118,            0.017319,            0.074579,           0.0013589,            0.002476,            0.002476,            0.002476
                 230,            0.020199,            0.042501,           0.0063357,             0.97439,             0.97246,             0.99049,             0.89931,            0.017261,            0.074369,           0.0013647,            0.002443,            0.002443,            0.002443
                 231,            0.020329,            0.041786,           0.0063587,             0.97099,             0.97225,             0.99024,              0.8987,            0.017241,            0.074385,           0.0013382,             0.00241,             0.00241,             0.00241
                 232,            0.019968,            0.041194,            0.006358,             0.96961,             0.97238,             0.99023,             0.89911,            0.017237,            0.074453,            0.001341,            0.002377,            0.002377,            0.002377
                 233,            0.020013,            0.040249,           0.0063089,             0.96706,             0.97278,             0.99035,             0.89977,            0.017247,             0.07459,           0.0013333,            0.002344,            0.002344,            0.002344
                 234,            0.019847,            0.042511,           0.0062229,             0.96269,             0.97296,             0.99023,             0.90116,            0.017232,             0.07464,           0.0013343,            0.002311,            0.002311,            0.002311
                 235,            0.019695,            0.040847,             0.00646,             0.95709,             0.97254,             0.99035,             0.89811,            0.017231,            0.074455,           0.0013302,            0.002278,            0.002278,            0.002278
                 236,            0.020245,            0.043556,            0.006614,             0.96703,             0.97236,             0.99006,             0.89804,            0.017166,            0.074156,            0.001332,            0.002245,            0.002245,            0.002245
                 237,            0.019488,            0.042486,           0.0064346,             0.96907,             0.97415,             0.99199,             0.89804,            0.017168,            0.074068,           0.0013298,            0.002212,            0.002212,            0.002212
                 238,            0.020055,            0.042365,           0.0059672,             0.96648,             0.97421,             0.99204,             0.89813,            0.017171,            0.074019,            0.001329,            0.002179,            0.002179,            0.002179
                 239,            0.019573,            0.041427,           0.0062157,             0.96442,             0.97418,             0.99156,             0.89554,            0.017166,            0.073893,           0.0013207,            0.002146,            0.002146,            0.002146
                 240,            0.019527,             0.04104,           0.0059669,             0.95215,              0.9739,             0.99144,             0.89407,            0.017177,            0.073925,           0.0013224,            0.002113,            0.002113,            0.002113
                 241,            0.019452,            0.041642,           0.0063155,             0.98919,             0.95164,             0.99144,             0.89398,            0.017198,            0.074117,           0.0013188,             0.00208,             0.00208,             0.00208
                 242,            0.019211,            0.040546,           0.0059743,             0.95339,             0.97368,             0.99141,             0.89393,            0.017217,            0.074226,           0.0013237,            0.002047,            0.002047,            0.002047
                 243,            0.019397,            0.041378,           0.0061262,             0.98829,             0.95057,             0.99125,              0.8929,             0.01723,            0.074287,            0.001327,            0.002014,            0.002014,            0.002014
                 244,             0.01938,            0.041109,           0.0059879,             0.98864,             0.95149,             0.99132,              0.8916,            0.017212,            0.074323,           0.0013188,            0.001981,            0.001981,            0.001981
                 245,            0.019299,            0.042946,           0.0060494,              0.9572,             0.97397,             0.99172,             0.89281,            0.017185,            0.074174,            0.001315,            0.001948,            0.001948,            0.001948
                 246,            0.019568,            0.043364,           0.0057057,             0.96549,             0.97382,             0.99181,             0.89327,            0.017187,            0.074216,            0.001316,            0.001915,            0.001915,            0.001915
                 247,            0.019084,            0.041304,             0.00592,             0.96374,             0.97388,             0.99178,             0.89184,            0.017184,            0.074128,           0.0013149,            0.001882,            0.001882,            0.001882
                 248,            0.019001,            0.039171,           0.0060021,             0.95511,             0.97402,             0.99187,              0.8912,            0.017213,            0.074265,           0.0013061,            0.001849,            0.001849,            0.001849
                 249,            0.018986,            0.040476,           0.0057646,             0.96025,             0.97397,             0.99191,             0.89315,            0.017198,            0.074286,           0.0013027,            0.001816,            0.001816,            0.001816
                 250,            0.019031,            0.041162,           0.0059785,             0.96547,             0.97249,             0.99009,             0.89242,            0.017217,            0.074433,           0.0012967,            0.001783,            0.001783,            0.001783
                 251,             0.01915,            0.040168,           0.0057363,              0.9685,             0.97243,             0.99026,             0.89299,            0.017242,            0.074434,           0.0012911,             0.00175,             0.00175,             0.00175
                 252,            0.018248,            0.039915,           0.0058762,               0.971,             0.97225,             0.99026,             0.89302,            0.017247,            0.074309,           0.0012881,            0.001717,            0.001717,            0.001717
                 253,            0.019019,            0.042452,           0.0055518,             0.97404,             0.97175,             0.99018,             0.89479,            0.017248,            0.074364,           0.0012945,            0.001684,            0.001684,            0.001684
                 254,            0.018523,            0.040788,           0.0057956,             0.97594,             0.97199,             0.99014,             0.89492,            0.017232,            0.074152,           0.0012915,            0.001651,            0.001651,            0.001651
                 255,            0.018828,            0.039631,           0.0055823,             0.97707,               0.972,             0.99006,             0.89463,            0.017227,            0.074144,           0.0012893,            0.001618,            0.001618,            0.001618
                 256,            0.018849,            0.040477,           0.0055562,             0.97677,             0.97228,             0.99007,              0.8934,            0.017221,            0.074136,           0.0012833,            0.001585,            0.001585,            0.001585
                 257,            0.018877,            0.040531,            0.005419,             0.97662,             0.97237,             0.99035,             0.89437,            0.017188,            0.074161,           0.0012829,            0.001552,            0.001552,            0.001552
                 258,            0.018685,            0.039715,           0.0057012,             0.97497,             0.97072,             0.98855,              0.8944,            0.017173,            0.074148,           0.0012849,            0.001519,            0.001519,            0.001519
                 259,            0.018519,            0.039488,           0.0054769,             0.97524,             0.96913,             0.98857,             0.89735,            0.017166,            0.074138,           0.0012825,            0.001486,            0.001486,            0.001486
                 260,            0.018503,            0.040961,           0.0054199,              0.9745,             0.96858,             0.98854,             0.89582,            0.017135,            0.074013,           0.0012856,            0.001453,            0.001453,            0.001453
                 261,            0.018196,            0.039561,           0.0055572,             0.97432,             0.96904,             0.98852,             0.89627,            0.017113,            0.073869,           0.0012835,             0.00142,             0.00142,             0.00142
                 262,            0.018441,            0.040154,           0.0051926,             0.97337,             0.96899,             0.98832,             0.89761,            0.017093,            0.073813,           0.0012864,            0.001387,            0.001387,            0.001387
                 263,            0.018317,            0.040284,           0.0052883,             0.97239,             0.96938,             0.98819,             0.89865,            0.017084,            0.073717,            0.001289,            0.001354,            0.001354,            0.001354
                 264,            0.018601,            0.039574,           0.0052702,             0.97374,             0.97052,             0.98981,             0.89824,            0.017074,            0.073534,           0.0012903,            0.001321,            0.001321,            0.001321
                 265,            0.017933,            0.039662,           0.0053482,             0.97481,              0.9709,             0.99201,              0.8991,             0.01706,            0.073427,           0.0012849,            0.001288,            0.001288,            0.001288
                 266,            0.017694,            0.037734,           0.0052418,             0.97385,             0.97127,             0.99223,              0.9004,             0.01704,            0.073365,           0.0012801,            0.001255,            0.001255,            0.001255
                 267,            0.018218,             0.03844,           0.0052706,             0.97376,             0.97144,             0.99229,             0.89955,            0.017043,            0.073418,           0.0012779,            0.001222,            0.001222,            0.001222
                 268,            0.017861,            0.038604,            0.005232,             0.97553,             0.97158,             0.99226,              0.8996,            0.017038,            0.073445,           0.0012713,            0.001189,            0.001189,            0.001189
                 269,            0.018262,            0.039432,           0.0050558,             0.97597,             0.97266,             0.99225,             0.90003,            0.017044,            0.073555,           0.0012652,            0.001156,            0.001156,            0.001156
                 270,             0.01768,            0.038222,           0.0050639,             0.97611,             0.97074,             0.99017,              0.9009,            0.017045,            0.073597,           0.0012645,            0.001123,            0.001123,            0.001123
                 271,             0.01775,            0.037982,           0.0053917,             0.97736,             0.97129,             0.99198,             0.90106,            0.017034,            0.073544,           0.0012679,             0.00109,             0.00109,             0.00109
                 272,            0.017822,            0.038804,            0.005384,             0.97684,             0.97098,             0.99198,             0.90123,            0.017021,            0.073514,           0.0012695,            0.001057,            0.001057,            0.001057
                 273,            0.017885,            0.037935,           0.0049034,             0.97722,             0.97066,             0.99182,             0.89985,            0.017015,            0.073543,           0.0012689,            0.001024,            0.001024,            0.001024
                 274,            0.017589,            0.038381,           0.0047771,             0.97665,             0.97039,             0.99192,             0.90091,            0.017013,             0.07357,           0.0012658,            0.000991,            0.000991,            0.000991
                 275,            0.017895,            0.037938,           0.0047361,             0.97718,              0.9701,             0.99178,             0.90271,            0.017012,            0.073601,            0.001266,            0.000958,            0.000958,            0.000958
                 276,             0.01773,            0.038276,           0.0048424,             0.97829,             0.96992,             0.99166,             0.90249,            0.017006,            0.073574,           0.0012633,            0.000925,            0.000925,            0.000925
                 277,             0.01712,            0.035844,           0.0051165,             0.97918,             0.97003,             0.99164,             0.90243,            0.016997,            0.073556,           0.0012597,            0.000892,            0.000892,            0.000892
                 278,             0.01747,            0.038281,           0.0047688,             0.97905,             0.97053,             0.99161,             0.90038,            0.017001,            0.073592,           0.0012566,            0.000859,            0.000859,            0.000859
                 279,            0.017163,            0.036102,           0.0049382,             0.97903,             0.97105,             0.99154,             0.90221,            0.016995,            0.073581,           0.0012539,            0.000826,            0.000826,            0.000826
                 280,            0.017301,            0.037698,             0.00498,             0.97848,             0.97165,             0.99148,             0.90259,            0.016991,            0.073566,           0.0012517,            0.000793,            0.000793,            0.000793
                 281,            0.017248,            0.036068,            0.004849,             0.97802,              0.9716,             0.99146,              0.9027,            0.016988,            0.073526,           0.0012511,             0.00076,             0.00076,             0.00076
                 282,            0.017402,            0.037817,           0.0046296,             0.97831,             0.97157,             0.99145,             0.90277,            0.016979,            0.073506,           0.0012523,            0.000727,            0.000727,            0.000727
                 283,            0.017658,            0.039295,           0.0047643,             0.97782,             0.97229,             0.99136,             0.90298,            0.016979,            0.073535,           0.0012515,            0.000694,            0.000694,            0.000694
                 284,            0.017074,            0.037714,           0.0048103,             0.97856,             0.97252,             0.99133,             0.90254,            0.016977,            0.073581,           0.0012524,            0.000661,            0.000661,            0.000661
                 285,             0.01665,            0.035761,           0.0050708,             0.97843,              0.9737,             0.99133,              0.9012,            0.016982,             0.07357,           0.0012525,            0.000628,            0.000628,            0.000628
                 286,            0.016518,            0.036983,           0.0049149,              0.9789,             0.97375,             0.99133,             0.90086,            0.016988,            0.073639,           0.0012513,            0.000595,            0.000595,            0.000595
                 287,            0.016858,            0.036658,           0.0047898,              0.9792,             0.97373,              0.9913,             0.90022,            0.016995,            0.073653,           0.0012519,            0.000562,            0.000562,            0.000562
                 288,             0.01721,            0.038391,           0.0047616,             0.97867,             0.97374,             0.99128,             0.90115,            0.016989,            0.073658,           0.0012551,            0.000529,            0.000529,            0.000529
                 289,            0.017215,            0.037438,           0.0044215,             0.97817,             0.97374,              0.9912,              0.9006,            0.016989,            0.073689,           0.0012536,            0.000496,            0.000496,            0.000496
                 290,            0.016834,            0.037082,           0.0043378,             0.97828,             0.97373,             0.99119,             0.90193,            0.016983,            0.073678,           0.0012528,            0.000463,            0.000463,            0.000463
                 291,             0.01688,            0.037218,            0.004532,             0.97819,             0.97373,             0.99113,              0.9008,            0.016988,            0.073725,           0.0012501,             0.00043,             0.00043,             0.00043
                 292,            0.017031,            0.036848,           0.0048112,             0.97776,             0.97373,             0.99113,             0.90082,            0.016989,            0.073734,           0.0012493,            0.000397,            0.000397,            0.000397
                 293,             0.01607,            0.035472,           0.0043367,             0.97761,             0.97374,             0.99113,             0.90092,            0.016985,            0.073741,           0.0012473,            0.000364,            0.000364,            0.000364
                 294,            0.016961,            0.036599,           0.0044409,             0.97753,             0.97374,             0.99114,             0.90059,            0.016984,            0.073763,           0.0012457,            0.000331,            0.000331,            0.000331
                 295,            0.016344,            0.035102,           0.0042692,             0.97739,             0.97375,             0.99114,             0.90156,            0.016987,            0.073752,           0.0012435,            0.000298,            0.000298,            0.000298
                 296,            0.016393,            0.035876,           0.0042196,             0.97668,             0.97377,             0.99113,             0.90111,            0.016986,             0.07375,           0.0012425,            0.000265,            0.000265,            0.000265
                 297,             0.01661,            0.035472,           0.0044704,             0.97603,              0.9738,             0.99114,             0.90121,            0.016992,            0.073825,            0.001241,            0.000232,            0.000232,            0.000232
                 298,             0.01611,            0.034831,           0.0043619,             0.97475,             0.97382,             0.99114,             0.90244,            0.016987,            0.073841,           0.0012402,            0.000199,            0.000199,            0.000199
                 299,            0.016073,            0.036108,           0.0044125,             0.97444,             0.97382,             0.99114,             0.90254,            0.016987,            0.073866,             0.00124,            0.000166,            0.000166,            0.000166
